{
  "train_crps": 265.93215177144435,
  "test_crps": 260.06387944467934
}